{
  "warehouse": [
    3.1291995602037135,
    101.45922732379405
  ],
  "destinations": [
    [
      3.1271737216998674,
      101.46239233043163
    ],
    [
      3.1251800355420327,
      101.46771168787383
    ],
    [
      3.1235869988664065,
      101.46188378334047
    ],
    [
      3.1226158772049515,
      101.45946335753253
    ]
  ]
}