{
  "warehouse": [
    3.128099983994968,
    101.46701216697694
  ],
  "destinations": [
    [
      3.1091059285393223,
      101.47446870803834
    ],
    [
      3.1145909927412574,
      101.46929740905762
    ],
    [
      3.116819291914605,
      101.47577762603761
    ]
  ]
}